{"_timestamp":1.7751374797811081e+09,"val_accuracy":0.9259259259259259,"_step":18,"epoch":19,"val_loss":0.2844766651590665,"_runtime":34,"train_loss":0.1709492903421907,"train_accuracy":0.9814986123959297,"val_top3_accuracy":0.9925925925925926,"_wandb":{"runtime":34}}