{"_step":27,"epoch":28,"_wandb":{"runtime":52},"val_top3_accuracy":0.9925925925925926,"_runtime":52,"train_accuracy":0.9953746530989824,"_timestamp":1.7751373001805167e+09,"train_loss":0.09197928230552112,"val_loss":0.276486503581206,"val_accuracy":0.9185185185185185}